[
{
  "fields": {
    "state": 0,
    "name": "category A",
    "lawyer": 1
  },
  "model": "blogs.blogcategory",
  "pk": 1
},
{
  "fields": {
    "state": -1,
    "name": "\u9ed8\u8ba4",
    "lawyer": 1
  },
  "model": "blogs.blogcategory",
  "pk": 5
},
{
  "fields": {
    "state": 0,
    "name": "zzz",
    "lawyer": 1
  },
  "model": "blogs.blogcategory",
  "pk": 7
},
{
  "fields": {
    "state": 0,
    "name": "fdsalkjfdslka",
    "lawyer": 1
  },
  "model": "blogs.blogcategory",
  "pk": 8
},
{
  "fields": {
    "state": -1,
    "name": "\u9ed8\u8ba4",
    "lawyer": 5
  },
  "model": "blogs.blogcategory",
  "pk": 9
},
{
  "fields": {
    "state": -1,
    "name": "\u9ed8\u8ba4",
    "lawyer": 6
  },
  "model": "blogs.blogcategory",
  "pk": 10
},
{
  "fields": {
    "category": 1,
    "title": "Article1",
    "text": "Article1",
    "author": 1,
    "publish_date": "2014-12-13T14:05:19",
    "modify_date": "2015-02-23T19:58:11.063",
    "clicks": 10,
    "tags": "test"
  },
  "model": "blogs.blogarticle",
  "pk": 2
},
{
  "fields": {
    "category": 1,
    "title": "Article2",
    "text": "Article2",
    "author": 1,
    "publish_date": "2014-12-13T14:05:30",
    "modify_date": "2015-02-05T20:06:13.546",
    "clicks": 3,
    "tags": "test"
  },
  "model": "blogs.blogarticle",
  "pk": 3
},
{
  "fields": {
    "category": 1,
    "title": "Article3",
    "text": "Article3",
    "author": 1,
    "publish_date": "2014-12-13T14:05:56",
    "modify_date": null,
    "clicks": 0,
    "tags": "test"
  },
  "model": "blogs.blogarticle",
  "pk": 4
},
{
  "fields": {
    "category": 1,
    "title": "Article4",
    "text": "Article4",
    "author": 1,
    "publish_date": "2014-12-13T14:06:09",
    "modify_date": null,
    "clicks": 0,
    "tags": "test"
  },
  "model": "blogs.blogarticle",
  "pk": 5
},
{
  "fields": {
    "category": 5,
    "title": "z",
    "text": "zzzzz",
    "author": 1,
    "publish_date": "2015-01-12T21:59:47.742",
    "modify_date": "2015-02-17T19:58:26.006",
    "clicks": 1,
    "tags": "test"
  },
  "model": "blogs.blogarticle",
  "pk": 6
},
{
  "fields": {
    "category": 1,
    "title": "aa",
    "text": "dsafdsa",
    "author": 1,
    "publish_date": "2015-01-16T14:45:04.492",
    "modify_date": "2015-02-17T18:12:16.660",
    "clicks": 3,
    "tags": "test"
  },
  "model": "blogs.blogarticle",
  "pk": 7
},
{
  "fields": {
    "category": null,
    "title": "fdsa",
    "text": "fdsa",
    "author": 1,
    "publish_date": "2015-01-16T14:46:02.308",
    "modify_date": "2015-02-09T23:04:02.501",
    "clicks": 1,
    "tags": "test"
  },
  "model": "blogs.blogarticle",
  "pk": 8
},
{
  "fields": {
    "category": null,
    "title": "fdsa",
    "text": "fdsa",
    "author": 1,
    "publish_date": "2015-01-16T14:46:15.779",
    "modify_date": "2015-02-09T23:03:49.963",
    "clicks": 8,
    "tags": "test"
  },
  "model": "blogs.blogarticle",
  "pk": 9
},
{
  "fields": {
    "category": null,
    "title": "dsjakld",
    "text": "vdsjakldsjalkvdsadv",
    "author": 1,
    "publish_date": "2015-01-16T23:01:39.763",
    "modify_date": "2015-02-09T21:58:43.483",
    "clicks": 15,
    "tags": "test"
  },
  "model": "blogs.blogarticle",
  "pk": 10
},
{
  "fields": {
    "category": 5,
    "title": "imldsmlcds",
    "text": "mlmelicnelx",
    "author": 1,
    "publish_date": "2015-02-21T17:28:17.301",
    "modify_date": "2015-02-21T17:28:17.302",
    "clicks": 0,
    "tags": "test"
  },
  "model": "blogs.blogarticle",
  "pk": 11
},
{
  "fields": {
    "category": 5,
    "title": "cdlksmocdsmlcds",
    "text": "melkmclie",
    "author": 1,
    "publish_date": "2015-02-21T17:34:28.711",
    "modify_date": "2015-02-21T17:34:28.712",
    "clicks": 0,
    "tags": "test"
  },
  "model": "blogs.blogarticle",
  "pk": 12
},
{
  "fields": {
    "category": 5,
    "title": "slmcmlcds",
    "text": "melkmcmdlmks<i>dlajkdls</i>",
    "author": 1,
    "publish_date": "2015-02-21T17:36:00.627",
    "modify_date": "2015-02-21T17:36:00.628",
    "clicks": 0,
    "tags": "test"
  },
  "model": "blogs.blogarticle",
  "pk": 13
},
{
  "fields": {
    "category": 5,
    "title": "zmlemvien",
    "text": "<div>md<font face=\"Arial Black\">lsmclienkln</font>mlc</div><div><br></div>melk<font size=\"5\">mcmdl</font>mks<i>dlajkdls</i>",
    "author": 1,
    "publish_date": "2015-02-21T17:40:35.690",
    "modify_date": "2015-02-21T17:40:35.690",
    "clicks": 0,
    "tags": "test"
  },
  "model": "blogs.blogarticle",
  "pk": 14
},
{
  "fields": {
    "category": 5,
    "title": "czmlemvien",
    "text": "<div><span style=\"line-height: 1.42857143;\">uiuiomluoi</span><i style=\"line-height: 1.42857143;\">s</i></div>",
    "author": 1,
    "publish_date": "2015-02-21T17:44:08.099",
    "modify_date": "2015-02-21T18:11:16.823",
    "clicks": 4,
    "tags": "test"
  },
  "model": "blogs.blogarticle",
  "pk": 15
},
{
  "fields": {
    "category": 5,
    "title": "memlclmlsmelicie",
    "text": "xmlemlcilmellktmlkv",
    "author": 1,
    "publish_date": "2015-02-21T17:44:37.106",
    "modify_date": "2015-02-21T17:44:37.107",
    "clicks": 0,
    "tags": "test"
  },
  "model": "blogs.blogarticle",
  "pk": 16
},
{
  "fields": {
    "category": 5,
    "title": "sssiclme",
    "text": "mcmlemlcine",
    "author": 1,
    "publish_date": "2015-02-21T17:58:47.789",
    "modify_date": "2015-02-21T17:58:47.790",
    "clicks": 0,
    "tags": "test"
  },
  "model": "blogs.blogarticle",
  "pk": 17
},
{
  "fields": {
    "category": 5,
    "title": "sssiclme",
    "text": "mcmlemlcine",
    "author": 1,
    "publish_date": "2015-02-21T18:01:37.676",
    "modify_date": "2015-02-21T18:01:37.677",
    "clicks": 0,
    "tags": "test"
  },
  "model": "blogs.blogarticle",
  "pk": 18
},
{
  "fields": {
    "category": 5,
    "title": "sssiclme",
    "text": "mcmlemlcine",
    "author": 1,
    "publish_date": "2015-02-21T18:03:47.628",
    "modify_date": "2015-03-09T20:46:14.177",
    "clicks": 108,
    "tags": "test"
  },
  "model": "blogs.blogarticle",
  "pk": 19
},
{
  "fields": {
    "category": 5,
    "title": "hugo",
    "text": "<a href=\"#\">Baidu</a><font size=\"5\">Hugo..</font><div>djslakjclkdsa</div><div><ol><li><span style=\"line-height: 1.42857143;\">vdvdksmlemlc</span></li><li><span style=\"line-height: 1.42857143;\">ldksmlekmlxczaelmelc</span></li></ol></div><div>ldmlemlcxesm <b>m le ml</b> skml ekklm <font face=\"Impact\">cimlekmlmekmk</font> c</div><div><br></div><div>jlmic<strike>nenlcijienl c kldskjkls dlk sklm imelci</strike></div>",
    "author": 1,
    "publish_date": "2015-02-21T18:13:09.005",
    "modify_date": "2015-02-23T19:58:58.220",
    "clicks": 8,
    "tags": "test"
  },
  "model": "blogs.blogarticle",
  "pk": 20
},
{
  "fields": {
    "category": 5,
    "title": "azz",
    "text": "<div style=\"text-align: justify;\"><br></div><div style=\"text-align: justify;\">&lt;a ldksaj</div><div style=\"text-align: justify;\"><br></div><div style=\"text-align: justify;\"><font color=\"#666666\" face=\"Arial, \u5b8b\u4f53, simsun, sans-serif\" size=\"3\"><span style=\"line-height: 25px;\">cjdlksamncdjsl</span></font></div><div style=\"text-align: justify;\"><font color=\"#666666\" face=\"Arial, \u5b8b\u4f53, simsun, sans-serif\" size=\"3\"><span style=\"line-height: 25px;\">cdlsjalcjdsa</span></font></div><div style=\"text-align: justify;\"><font color=\"#666666\" face=\"Arial, \u5b8b\u4f53, simsun, sans-serif\" size=\"3\"><span style=\"line-height: 25px;\">cdsaljldsajdds</span></font></div><div style=\"text-align: justify;\"><font color=\"#666666\" face=\"Arial, \u5b8b\u4f53, simsun, sans-serif\" size=\"3\"><span style=\"line-height: 25px;\"><br></span></font></div>",
    "author": 1,
    "publish_date": "2015-02-21T19:29:54.643",
    "modify_date": "2015-02-21T19:29:59.308",
    "clicks": 1,
    "tags": "test"
  },
  "model": "blogs.blogarticle",
  "pk": 21
},
{
  "fields": {
    "category": 5,
    "title": "ads alldks ",
    "text": "&lt;a href=\"baidu.com\"&gt;BAIDU&lt;/a&gt;",
    "author": 1,
    "publish_date": "2015-02-21T19:30:42.276",
    "modify_date": "2015-03-09T20:46:09.437",
    "clicks": 90,
    "tags": "test"
  },
  "model": "blogs.blogarticle",
  "pk": 22
},
{
  "fields": {
    "category": 5,
    "title": "antixss strip test",
    "text": "<font size=\"5\">mvdlskamlvd</font> sa mdslka cds ackl dsacsda",
    "author": 1,
    "publish_date": "2015-02-23T16:23:03.640",
    "modify_date": "2015-03-28T17:22:59.360",
    "clicks": 143,
    "tags": "test"
  },
  "model": "blogs.blogarticle",
  "pk": 23
},
{
  "fields": {
    "article": 2,
    "publish_date": "2014-12-13T14:05:19",
    "user": 2,
    "text": "nice"
  },
  "model": "blogs.blogcomment",
  "pk": 1
},
{
  "fields": {
    "article": 4,
    "publish_date": "2014-12-10T18:58:22",
    "user": 2,
    "text": "dsakl"
  },
  "model": "blogs.blogcomment",
  "pk": 2
},
{
  "fields": {
    "article": 4,
    "publish_date": "2014-12-10T18:58:25",
    "user": 2,
    "text": "vdslka"
  },
  "model": "blogs.blogcomment",
  "pk": 3
},
{
  "fields": {
    "article": 4,
    "publish_date": "2014-12-10T18:58:28",
    "user": 2,
    "text": "vjdlksa"
  },
  "model": "blogs.blogcomment",
  "pk": 4
},
{
  "fields": {
    "article": 4,
    "publish_date": "2014-12-10T18:58:32",
    "user": 2,
    "text": "qqq"
  },
  "model": "blogs.blogcomment",
  "pk": 5
},
{
  "fields": {
    "article": 6,
    "publish_date": "2015-01-16T14:54:59.683",
    "user": 2,
    "text": "dsafdsa"
  },
  "model": "blogs.blogcomment",
  "pk": 6
},
{
  "fields": {
    "article": 6,
    "publish_date": "2015-01-16T14:55:14.862",
    "user": 2,
    "text": "dsadsavdsavdsa"
  },
  "model": "blogs.blogcomment",
  "pk": 7
},
{
  "fields": {
    "article": 10,
    "publish_date": "2015-01-16T23:02:23.866",
    "user": 2,
    "text": "vjkdlsjavlkdsa"
  },
  "model": "blogs.blogcomment",
  "pk": 8
},
{
  "fields": {
    "article": 10,
    "publish_date": "2015-01-16T23:02:29.292",
    "user": 2,
    "text": "vjdaljvkeanvkldsa"
  },
  "model": "blogs.blogcomment",
  "pk": 9
},
{
  "fields": {
    "article": 10,
    "publish_date": "2015-01-16T23:02:34.507",
    "user": 2,
    "text": "ejclsdkav"
  },
  "model": "blogs.blogcomment",
  "pk": 10
},
{
  "fields": {
    "article": 23,
    "publish_date": "2015-03-22T13:54:32.629",
    "user": 3,
    "text": "cool"
  },
  "model": "blogs.blogcomment",
  "pk": 11
},
{
  "fields": {
    "article": 23,
    "publish_date": "2015-03-22T13:55:28.917",
    "user": 3,
    "text": "really cool"
  },
  "model": "blogs.blogcomment",
  "pk": 12
},
{
  "fields": {
    "state": 0,
    "items_per_page": 15,
    "lawyer": 1
  },
  "model": "blogs.blogsettings",
  "pk": 1
},
{
  "fields": {
    "state": 0,
    "items_per_page": 15,
    "lawyer": 3
  },
  "model": "blogs.blogsettings",
  "pk": 2
},
{
  "fields": {
    "state": 0,
    "items_per_page": 15,
    "lawyer": 4
  },
  "model": "blogs.blogsettings",
  "pk": 52
},
{
  "fields": {
    "state": 0,
    "items_per_page": 15,
    "lawyer": 5
  },
  "model": "blogs.blogsettings",
  "pk": 53
},
{
  "fields": {
    "state": 0,
    "items_per_page": 15,
    "lawyer": 6
  },
  "model": "blogs.blogsettings",
  "pk": 54
}
]
